{
    "mode": "hash",
    "base": "./",
    "routes": [
        {
            "path": "/account",
            "name": "account",
            "meta": {}
        },
        {
            "path": "/anchor",
            "name": "anchor",
            "meta": {}
        },
        {
            "path": "/appshell",
            "name": "appshell",
            "meta": {}
        },
        {
            "path": "/category",
            "name": "category",
            "meta": {}
        },
        {
            "path": "/collect",
            "name": "collect",
            "meta": {}
        },
        {
            "path": "/custom",
            "name": "custom",
            "meta": {}
        },
        {
            "path": "/going",
            "name": "going",
            "meta": {}
        },
        {
            "path": "/guo",
            "name": "guo",
            "meta": {}
        },
        {
            "path": "/han",
            "name": "han",
            "meta": {}
        },
        {
            "path": "/hotel",
            "name": "hotel",
            "meta": {}
        },
        {
            "path": "/hotel-info",
            "name": "hotelInfo",
            "meta": {}
        },
        {
            "path": "/",
            "name": "index",
            "meta": {}
        },
        {
            "path": "/info",
            "name": "info",
            "meta": {}
        },
        {
            "path": "/look",
            "name": "look",
            "meta": {}
        },
        {
            "path": "/lou",
            "name": "lou",
            "meta": {}
        },
        {
            "path": "/main",
            "name": "main",
            "meta": {}
        },
        {
            "path": "/mei",
            "name": "mei",
            "meta": {}
        },
        {
            "path": "/mobile",
            "name": "mobile",
            "meta": {}
        },
        {
            "path": "/newv",
            "name": "newv",
            "meta": {}
        },
        {
            "path": "/novel",
            "name": "novel",
            "meta": {}
        },
        {
            "path": "/novel-info",
            "name": "novelInfo",
            "meta": {}
        },
        {
            "path": "/novel-list",
            "name": "novelList",
            "meta": {}
        },
        {
            "path": "/pay",
            "name": "pay",
            "meta": {}
        },
        {
            "path": "/photo",
            "name": "photo",
            "meta": {}
        },
        {
            "path": "/photo-info",
            "name": "photoInfo",
            "meta": {}
        },
        {
            "path": "/photo-list",
            "name": "photoList",
            "meta": {}
        },
        {
            "path": "/recharge",
            "name": "recharge",
            "meta": {}
        },
        {
            "path": "/search",
            "name": "search",
            "meta": {}
        },
        {
            "path": "/sort",
            "name": "sort",
            "meta": {}
        },
        {
            "path": "/target",
            "name": "target",
            "meta": {}
        },
        {
            "path": "/topic",
            "name": "topic",
            "meta": {}
        },
        {
            "path": "/user",
            "name": "user",
            "meta": {}
        },
        {
            "path": "/video-detail",
            "name": "videoDetail",
            "meta": {}
        },
        {
            "path": "/video-show",
            "name": "videoShow",
            "meta": {}
        },
        {
            "path": "/welfare",
            "name": "welfare",
            "meta": {}
        },
        {
            "path": "/ying",
            "name": "ying",
            "meta": {}
        },
        {
            "path": "/error",
            "name": "error",
            "meta": {},
            "alias": "*"
        }
    ]
}